Metrica,Valor
MAE,43.59509613500773
MSE,2607.288890102732
RMSE,51.06161856132972
MAPE,6.438448149286155
MPE,6.438448149286155
