Metrica,Valor
MAE,27.506699423268607
MSE,1051.6462693131696
RMSE,32.42909602984902
MAPE,4.165428097481015
MPE,4.066091015902854
