Metrica,Valor
MAE,15.940016126234351
MSE,353.9627781678902
RMSE,18.813898537195584
MAPE,2.4938880748956387
MPE,2.3399405132662063
