Metrica,Valor
MAE,5.814831369761708
MSE,74.75040620671409
RMSE,8.6458317244042
MAPE,0.8951879356877545
MPE,0.18012426850162777
