Metrica,Valor
MAE,80.57066679567716
MSE,8691.427526258336
RMSE,93.22782592261999
MAPE,11.062565302244002
MPE,11.010605078104689
