Metrica,Valor
MAE,22.267695493144
MSE,790.2000865631647
RMSE,28.110497799988615
MAPE,3.2979691981383406
MPE,3.2218758931040044
