Metrica,Valor
MAE,11.710495907222104
MSE,206.39219236612252
RMSE,14.366356266156096
MAPE,1.8236945985977933
MPE,1.50944705677413
