Metrica,Valor
MAE,106.46333833524105
MSE,13693.81553643548
RMSE,117.02057740600787
MAPE,14.829842643149057
MPE,14.829842643149057
