Metrica,Valor
MAE,81.91437371140616
MSE,9145.289884836127
RMSE,95.6310090129563
MAPE,11.205111251595143
MPE,11.073028322356576
