Metrica,Valor
MAE,18.624780285986876
MSE,612.8237309631772
RMSE,24.75527683067142
MAPE,2.7703262855888964
MPE,2.1827455353423133
