Metrica,Valor
MAE,15.156080883729134
MSE,396.24572116428493
RMSE,19.90592176123188
MAPE,2.2737824308633177
MPE,1.814454745815431
