Metrica,Valor
MAE,112.40177208405417
MSE,15432.142680735433
RMSE,124.22617550554888
MAPE,15.527498512484186
MPE,15.527498512484186
