Metrica,Valor
MAE,8.38785101566953
MSE,121.33105378903501
RMSE,11.015037620863353
MAPE,1.3071405207042772
MPE,1.0880956050746267
