Metrica,Valor
MAE,27.186290208176263
MSE,1287.5921981636025
RMSE,35.8830349631076
MAPE,3.9621896947617063
MPE,3.78405282298949
