Metrica,Valor
MAE,13.317470813412095
MSE,294.0498026868355
RMSE,17.14788041382478
MAPE,2.015569158851802
MPE,1.522956647334247
