Metrica,Valor
MAE,29.954705283642557
MSE,1556.0804261314945
RMSE,39.447185275143454
MAPE,4.346949417591952
MPE,3.426412252583813
