Metrica,Valor
MAE,128.7720684049655
MSE,22029.458502786794
RMSE,148.42324111400745
MAPE,17.579602789611233
MPE,17.579602789611233
