Metrica,Valor
MAE,54.16767670116167
MSE,4899.190296935715
RMSE,69.99421616773571
MAPE,8.035992974786515
MPE,8.035992974786515
