Metrica,Valor
MAE,49.58423117561435
MSE,5225.405245425476
RMSE,72.28696456087692
MAPE,7.048517506929211
MPE,6.922244501264621
