Metrica,Valor
MAE,9.655509027010208
MSE,170.60902758136243
RMSE,13.061739071860318
MAPE,1.4898094120635892
MPE,-0.6161520394245669
