Metrica,Valor
MAE,44.63537971149237
MSE,2976.6399459619106
RMSE,54.55859186197817
MAPE,6.682127217102203
MPE,6.682127217102203
