Metrica,Valor
MAE,77.57895788391632
MSE,10932.99911831456
RMSE,104.56098277232554
MAPE,11.167866012832032
MPE,11.164095015201433
