Metrica,Valor
MAE,137.12233065639572
MSE,25159.170485708288
RMSE,158.61642564913726
MAPE,18.720514349387827
MPE,18.720514349387827
