Metrica,Valor
MAE,11.347330495698623
MSE,294.65814703037927
RMSE,17.165609427875822
MAPE,1.7151568261703234
MPE,0.41794149657226687
